<?xml version='1.1' encoding='UTF-8'?>
<hudson.model.UserIdMapper>
  <version>1</version>
  <idToDirectoryNameMap class="concurrent-hash-map">
    <entry>
      <string>utanb012</string>
      <string>utanb012_4860033977209020851</string>
    </entry>
    <entry>
      <string>songlq</string>
      <string>songlq_1013927424500423319</string>
    </entry>
    <entry>
      <string>develop</string>
      <string>develop_6251261589249120337</string>
    </entry>
  </idToDirectoryNameMap>
</hudson.model.UserIdMapper>