<?xml version='1.1' encoding='UTF-8'?>
<org.jenkinsci.plugins.configfiles.GlobalConfigFiles plugin="config-file-provider@3.6.2">
  <configs class="sorted-set">
    <comparator class="org.jenkinsci.plugins.configfiles.GlobalConfigFiles$1"/>
    <org.jenkinsci.plugins.configfiles.groovy.GroovyScript>
      <id>default_groovy</id>
      <name>GroovyConfig</name>
      <comment></comment>
      <content>#!/usr/bin/env groovy
import groovy.transform.Field

@Field def job_name=&quot;Multi_br_test&quot;

node()
{
    // 获取当前job名称。也可以按需自定义
    job_name=&quot;${env.JOB_NAME}&quot;.replace(&apos;%2F&apos;, &apos;/&apos;).split(&apos;/&apos;)
    job_name=job_name[0]

    // 自定义workspace
    workspace=&quot;/home/utanb012/workspace/${job_name}/${env.BRANCH_NAME}&quot;

    ws(&quot;$workspace&quot;)
    {
        dir(&quot;pipeline&quot;)
        {   
            // clone Jenkinsfile项目
            git url: &apos;ssh://utanb012@172.29.169.30:29418/tan/pipeline&apos;

            // 根据job name、构建分支，自动加载对应的Jenkinsfile
            def check_groovy_file=&quot;${job_name}/${env.BRANCH_NAME}/Jenkinsfile&quot;
            load &quot;${check_groovy_file}&quot;
        }
    }
}
</content>
      <providerId>org.jenkinsci.plugins.configfiles.groovy.GroovyScript</providerId>
    </org.jenkinsci.plugins.configfiles.groovy.GroovyScript>
  </configs>
</org.jenkinsci.plugins.configfiles.GlobalConfigFiles>