<?xml version='1.1' encoding='UTF-8'?>
<hudson.model.Queue_-State>
  <counter>4581</counter>
  <items>
    <hudson.model.Queue_-BlockedItem>
      <actions>
        <hudson.model.CauseAction>
          <causeBag class="linked-hash-map">
            <entry>
              <com.sonyericsson.hudson.plugins.gerrit.trigger.hudsontrigger.GerritCause plugin="gerrit-trigger@2.30.0">
                <pollingLog></pollingLog>
                <tEvent class="com.sonymobile.tools.gerrit.gerritevents.dto.events.ChangeMerged">
                  <account>
                    <name>Kang,Weiwei (YFT,shanghai,CN)</name>
                    <email>weiwei.kang@yanfeng.com</email>
                    <username>ukanw005</username>
                  </account>
                  <provider>
                    <name>gerrit_server</name>
                    <host>172.29.169.30</host>
                    <port>29418</port>
                    <scheme>ssh</scheme>
                    <url>http://172.29.169.30:8091/</url>
                    <version>2.16.5</version>
                  </provider>
                  <receivedOn>1573651861654</receivedOn>
                  <eventCreatedOn>2019-11-13 13:31:01.0 UTC</eventCreatedOn>
                  <change>
                    <project>MCU/MCU_CODE</project>
                    <branch>E_concept</branch>
                    <id>Ie6dbd29f76b7e2ba71b1db8256e1c1920464ad97</id>
                    <number>2017</number>
                    <subject>modify pre-crash and pre-approach process</subject>
                    <commitMessage>modify pre-crash and pre-approach process

Change-Id: Ie6dbd29f76b7e2ba71b1db8256e1c1920464ad97
</commitMessage>
                    <owner>
                      <name>Kang,Weiwei (YFT,shanghai,CN)</name>
                      <email>weiwei.kang@yanfeng.com</email>
                      <username>ukanw005</username>
                    </owner>
                    <url>http://172.29.169.30:8091/c/MCU/MCU_CODE/+/2017</url>
                    <createdOn>2019-11-13 13:29:00.0 UTC</createdOn>
                    <status>MERGED</status>
                    <wip>false</wip>
                    <__private>false</__private>
                  </change>
                  <patchSet>
                    <number>1</number>
                    <revision>a11779e7b7cb254482cea7c6f707c1c1aa0c97e6</revision>
                    <ref>refs/changes/17/2017/1</ref>
                    <draft>false</draft>
                    <kind>REWORK</kind>
                    <uploader>
                      <name>Kang,Weiwei (YFT,shanghai,CN)</name>
                      <email>weiwei.kang@yanfeng.com</email>
                      <username>ukanw005</username>
                    </uploader>
                    <author>
                      <name>Kang,Weiwei (YFT,shanghai,CN)</name>
                      <email>weiwei.kang@yanfeng.com</email>
                      <username>ukanw005</username>
                    </author>
                    <parents>
                      <string>4c878da0920fcdaeafe4bcb365856cfe23349975</string>
                    </parents>
                    <createdOn>2019-11-13 13:29:00.0 UTC</createdOn>
                  </patchSet>
                  <newRev>a11779e7b7cb254482cea7c6f707c1c1aa0c97e6</newRev>
                </tEvent>
                <silentMode>false</silentMode>
                <context>
                  <event class="com.sonymobile.tools.gerrit.gerritevents.dto.events.ChangeMerged" reference="../../tEvent"/>
                </context>
                <url>http://172.29.169.30:8091/c/MCU/MCU_CODE/+/2017</url>
              </com.sonyericsson.hudson.plugins.gerrit.trigger.hudsontrigger.GerritCause>
              <int>1</int>
            </entry>
          </causeBag>
        </hudson.model.CauseAction>
        <com.sonyericsson.hudson.plugins.gerrit.trigger.hudsontrigger.BadgeAction plugin="gerrit-trigger@2.30.0">
          <tEvent class="com.sonymobile.tools.gerrit.gerritevents.dto.events.ChangeMerged" reference="../../hudson.model.CauseAction/causeBag/entry/com.sonyericsson.hudson.plugins.gerrit.trigger.hudsontrigger.GerritCause/tEvent"/>
        </com.sonyericsson.hudson.plugins.gerrit.trigger.hudsontrigger.BadgeAction>
        <com.sonyericsson.hudson.plugins.gerrit.trigger.hudsontrigger.actions.RetriggerAction plugin="gerrit-trigger@2.30.0">
          <context reference="../../hudson.model.CauseAction/causeBag/entry/com.sonyericsson.hudson.plugins.gerrit.trigger.hudsontrigger.GerritCause/context"/>
        </com.sonyericsson.hudson.plugins.gerrit.trigger.hudsontrigger.actions.RetriggerAction>
        <com.sonyericsson.hudson.plugins.gerrit.trigger.hudsontrigger.actions.RetriggerAllAction plugin="gerrit-trigger@2.30.0">
          <context reference="../../hudson.model.CauseAction/causeBag/entry/com.sonyericsson.hudson.plugins.gerrit.trigger.hudsontrigger.GerritCause/context"/>
        </com.sonyericsson.hudson.plugins.gerrit.trigger.hudsontrigger.actions.RetriggerAllAction>
        <hudson.model.ParametersAction>
          <safeParameters class="sorted-set">
            <string>GERRIT_BRANCH</string>
            <string>GERRIT_CHANGE_ABANDONER</string>
            <string>GERRIT_CHANGE_ABANDONER_EMAIL</string>
            <string>GERRIT_CHANGE_ABANDONER_NAME</string>
            <string>GERRIT_CHANGE_COMMIT_MESSAGE</string>
            <string>GERRIT_CHANGE_ID</string>
            <string>GERRIT_CHANGE_NUMBER</string>
            <string>GERRIT_CHANGE_OWNER</string>
            <string>GERRIT_CHANGE_OWNER_EMAIL</string>
            <string>GERRIT_CHANGE_OWNER_NAME</string>
            <string>GERRIT_CHANGE_PRIVATE_STATE</string>
            <string>GERRIT_CHANGE_RESTORER</string>
            <string>GERRIT_CHANGE_RESTORER_EMAIL</string>
            <string>GERRIT_CHANGE_RESTORER_NAME</string>
            <string>GERRIT_CHANGE_SUBJECT</string>
            <string>GERRIT_CHANGE_URL</string>
            <string>GERRIT_CHANGE_WIP_STATE</string>
            <string>GERRIT_EVENT_ACCOUNT</string>
            <string>GERRIT_EVENT_ACCOUNT_EMAIL</string>
            <string>GERRIT_EVENT_ACCOUNT_NAME</string>
            <string>GERRIT_EVENT_COMMENT_TEXT</string>
            <string>GERRIT_EVENT_HASH</string>
            <string>GERRIT_EVENT_TYPE</string>
            <string>GERRIT_HOST</string>
            <string>GERRIT_NAME</string>
            <string>GERRIT_NEWREV</string>
            <string>GERRIT_OLDREV</string>
            <string>GERRIT_OLD_TOPIC</string>
            <string>GERRIT_PATCHSET_NUMBER</string>
            <string>GERRIT_PATCHSET_REVISION</string>
            <string>GERRIT_PATCHSET_UPLOADER</string>
            <string>GERRIT_PATCHSET_UPLOADER_EMAIL</string>
            <string>GERRIT_PATCHSET_UPLOADER_NAME</string>
            <string>GERRIT_PORT</string>
            <string>GERRIT_PROJECT</string>
            <string>GERRIT_REFNAME</string>
            <string>GERRIT_REFSPEC</string>
            <string>GERRIT_SCHEME</string>
            <string>GERRIT_SUBMITTER</string>
            <string>GERRIT_SUBMITTER_EMAIL</string>
            <string>GERRIT_SUBMITTER_NAME</string>
            <string>GERRIT_TOPIC</string>
            <string>GERRIT_TOPIC_CHANGER</string>
            <string>GERRIT_TOPIC_CHANGER_EMAIL</string>
            <string>GERRIT_TOPIC_CHANGER_NAME</string>
            <string>GERRIT_VERSION</string>
          </safeParameters>
          <parameters>
            <hudson.model.StringParameterValue>
              <name>GERRIT_EVENT_TYPE</name>
              <description></description>
              <value>change-merged</value>
            </hudson.model.StringParameterValue>
            <hudson.model.StringParameterValue>
              <name>GERRIT_EVENT_HASH</name>
              <description></description>
              <value>340994939</value>
            </hudson.model.StringParameterValue>
            <hudson.model.StringParameterValue>
              <name>GERRIT_CHANGE_WIP_STATE</name>
              <description></description>
              <value>false</value>
            </hudson.model.StringParameterValue>
            <hudson.model.StringParameterValue>
              <name>GERRIT_CHANGE_PRIVATE_STATE</name>
              <description></description>
              <value>false</value>
            </hudson.model.StringParameterValue>
            <hudson.model.StringParameterValue>
              <name>GERRIT_BRANCH</name>
              <description></description>
              <value>E_concept</value>
            </hudson.model.StringParameterValue>
            <hudson.model.StringParameterValue>
              <name>GERRIT_TOPIC</name>
              <description></description>
              <value></value>
            </hudson.model.StringParameterValue>
            <hudson.model.StringParameterValue>
              <name>GERRIT_CHANGE_NUMBER</name>
              <description></description>
              <value>2017</value>
            </hudson.model.StringParameterValue>
            <hudson.model.StringParameterValue>
              <name>GERRIT_CHANGE_ID</name>
              <description></description>
              <value>Ie6dbd29f76b7e2ba71b1db8256e1c1920464ad97</value>
            </hudson.model.StringParameterValue>
            <hudson.model.StringParameterValue>
              <name>GERRIT_PATCHSET_NUMBER</name>
              <description></description>
              <value>1</value>
            </hudson.model.StringParameterValue>
            <hudson.model.StringParameterValue>
              <name>GERRIT_PATCHSET_REVISION</name>
              <description></description>
              <value>a11779e7b7cb254482cea7c6f707c1c1aa0c97e6</value>
            </hudson.model.StringParameterValue>
            <hudson.model.StringParameterValue>
              <name>GERRIT_REFSPEC</name>
              <description></description>
              <value>refs/changes/17/2017/1</value>
            </hudson.model.StringParameterValue>
            <hudson.model.StringParameterValue>
              <name>GERRIT_PROJECT</name>
              <description></description>
              <value>MCU/MCU_CODE</value>
            </hudson.model.StringParameterValue>
            <hudson.model.StringParameterValue>
              <name>GERRIT_CHANGE_SUBJECT</name>
              <description></description>
              <value>modify pre-crash and pre-approach process</value>
            </hudson.model.StringParameterValue>
            <com.sonyericsson.hudson.plugins.gerrit.trigger.hudsontrigger.parameters.Base64EncodedStringParameterValue plugin="gerrit-trigger@2.30.0">
              <name>GERRIT_CHANGE_COMMIT_MESSAGE</name>
              <description></description>
              <value>bW9kaWZ5IHByZS1jcmFzaCBhbmQgcHJlLWFwcHJvYWNoIHByb2Nlc3MKCkNoYW5nZS1JZDogSWU2ZGJkMjlmNzZiN2UyYmE3MWIxZGI4MjU2ZTFjMTkyMDQ2NGFkOTcK</value>
            </com.sonyericsson.hudson.plugins.gerrit.trigger.hudsontrigger.parameters.Base64EncodedStringParameterValue>
            <hudson.model.StringParameterValue>
              <name>GERRIT_CHANGE_URL</name>
              <description></description>
              <value>http://172.29.169.30:8091/c/MCU/MCU_CODE/+/2017</value>
            </hudson.model.StringParameterValue>
            <hudson.model.StringParameterValue>
              <name>GERRIT_NEWREV</name>
              <description></description>
              <value>a11779e7b7cb254482cea7c6f707c1c1aa0c97e6</value>
            </hudson.model.StringParameterValue>
            <hudson.model.StringParameterValue>
              <name>GERRIT_CHANGE_OWNER</name>
              <description></description>
              <value>\&quot;Kang,Weiwei (YFT,shanghai,CN)\&quot; &lt;weiwei.kang@yanfeng.com&gt;</value>
            </hudson.model.StringParameterValue>
            <hudson.model.StringParameterValue>
              <name>GERRIT_CHANGE_OWNER_NAME</name>
              <description></description>
              <value>Kang,Weiwei (YFT,shanghai,CN)</value>
            </hudson.model.StringParameterValue>
            <hudson.model.StringParameterValue>
              <name>GERRIT_CHANGE_OWNER_EMAIL</name>
              <description></description>
              <value>weiwei.kang@yanfeng.com</value>
            </hudson.model.StringParameterValue>
            <hudson.model.StringParameterValue>
              <name>GERRIT_PATCHSET_UPLOADER</name>
              <description></description>
              <value>\&quot;Kang,Weiwei (YFT,shanghai,CN)\&quot; &lt;weiwei.kang@yanfeng.com&gt;</value>
            </hudson.model.StringParameterValue>
            <hudson.model.StringParameterValue>
              <name>GERRIT_PATCHSET_UPLOADER_NAME</name>
              <description></description>
              <value>Kang,Weiwei (YFT,shanghai,CN)</value>
            </hudson.model.StringParameterValue>
            <hudson.model.StringParameterValue>
              <name>GERRIT_PATCHSET_UPLOADER_EMAIL</name>
              <description></description>
              <value>weiwei.kang@yanfeng.com</value>
            </hudson.model.StringParameterValue>
            <hudson.model.StringParameterValue>
              <name>GERRIT_EVENT_ACCOUNT</name>
              <description></description>
              <value>\&quot;Kang,Weiwei (YFT,shanghai,CN)\&quot; &lt;weiwei.kang@yanfeng.com&gt;</value>
            </hudson.model.StringParameterValue>
            <hudson.model.StringParameterValue>
              <name>GERRIT_EVENT_ACCOUNT_NAME</name>
              <description></description>
              <value>Kang,Weiwei (YFT,shanghai,CN)</value>
            </hudson.model.StringParameterValue>
            <hudson.model.StringParameterValue>
              <name>GERRIT_EVENT_ACCOUNT_EMAIL</name>
              <description></description>
              <value>weiwei.kang@yanfeng.com</value>
            </hudson.model.StringParameterValue>
            <hudson.model.StringParameterValue>
              <name>GERRIT_NAME</name>
              <description></description>
              <value>gerrit_server</value>
            </hudson.model.StringParameterValue>
            <hudson.model.StringParameterValue>
              <name>GERRIT_HOST</name>
              <description></description>
              <value>172.29.169.30</value>
            </hudson.model.StringParameterValue>
            <hudson.model.StringParameterValue>
              <name>GERRIT_PORT</name>
              <description></description>
              <value>29418</value>
            </hudson.model.StringParameterValue>
            <hudson.model.StringParameterValue>
              <name>GERRIT_SCHEME</name>
              <description></description>
              <value>ssh</value>
            </hudson.model.StringParameterValue>
            <hudson.model.StringParameterValue>
              <name>GERRIT_VERSION</name>
              <description></description>
              <value>2.16.5</value>
            </hudson.model.StringParameterValue>
          </parameters>
        </hudson.model.ParametersAction>
      </actions>
      <id>4566</id>
      <task class="hudson.model.FreeStyleProject">ECONCEPT_MCU_CI_Build</task>
      <inQueueSince>1573651861655</inQueueSince>
      <buildableStartMilliseconds>1573651869266</buildableStartMilliseconds>
      <outer-class>queue</outer-class>
    </hudson.model.Queue_-BlockedItem>
    <hudson.model.Queue_-BuildableItem>
      <actions>
        <hudson.model.CauseAction>
          <causeBag class="linked-hash-map">
            <entry>
              <com.sonyericsson.hudson.plugins.gerrit.trigger.hudsontrigger.GerritCause plugin="gerrit-trigger@2.30.0">
                <pollingLog></pollingLog>
                <tEvent class="com.sonymobile.tools.gerrit.gerritevents.dto.events.PatchsetCreated">
                  <account>
                    <name>Kang,Weiwei (YFT,shanghai,CN)</name>
                    <email>weiwei.kang@yanfeng.com</email>
                    <username>ukanw005</username>
                  </account>
                  <provider reference="../../../../../../../../hudson.model.Queue_-BlockedItem/actions/hudson.model.CauseAction/causeBag/entry/com.sonyericsson.hudson.plugins.gerrit.trigger.hudsontrigger.GerritCause/tEvent/provider"/>
                  <receivedOn>1573651740958</receivedOn>
                  <eventCreatedOn>2019-11-13 13:29:00.0 UTC</eventCreatedOn>
                  <change>
                    <project>MCU/MCU_CODE</project>
                    <branch>E_concept</branch>
                    <id>Ie6dbd29f76b7e2ba71b1db8256e1c1920464ad97</id>
                    <number>2017</number>
                    <subject>modify pre-crash and pre-approach process</subject>
                    <commitMessage>modify pre-crash and pre-approach process

Change-Id: Ie6dbd29f76b7e2ba71b1db8256e1c1920464ad97
</commitMessage>
                    <owner>
                      <name>Kang,Weiwei (YFT,shanghai,CN)</name>
                      <email>weiwei.kang@yanfeng.com</email>
                      <username>ukanw005</username>
                    </owner>
                    <url>http://172.29.169.30:8091/c/MCU/MCU_CODE/+/2017</url>
                    <createdOn>2019-11-13 13:29:00.0 UTC</createdOn>
                    <status>NEW</status>
                    <wip>false</wip>
                    <__private>false</__private>
                  </change>
                  <patchSet>
                    <number>1</number>
                    <revision>a11779e7b7cb254482cea7c6f707c1c1aa0c97e6</revision>
                    <ref>refs/changes/17/2017/1</ref>
                    <draft>false</draft>
                    <kind>REWORK</kind>
                    <uploader>
                      <name>Kang,Weiwei (YFT,shanghai,CN)</name>
                      <email>weiwei.kang@yanfeng.com</email>
                      <username>ukanw005</username>
                    </uploader>
                    <author>
                      <name>Kang,Weiwei (YFT,shanghai,CN)</name>
                      <email>weiwei.kang@yanfeng.com</email>
                      <username>ukanw005</username>
                    </author>
                    <parents>
                      <string>4c878da0920fcdaeafe4bcb365856cfe23349975</string>
                    </parents>
                    <createdOn>2019-11-13 13:29:00.0 UTC</createdOn>
                  </patchSet>
                </tEvent>
                <silentMode>false</silentMode>
                <context>
                  <event class="com.sonymobile.tools.gerrit.gerritevents.dto.events.PatchsetCreated" reference="../../tEvent"/>
                </context>
                <url>http://172.29.169.30:8091/c/MCU/MCU_CODE/+/2017</url>
              </com.sonyericsson.hudson.plugins.gerrit.trigger.hudsontrigger.GerritCause>
              <int>1</int>
            </entry>
          </causeBag>
        </hudson.model.CauseAction>
        <com.sonyericsson.hudson.plugins.gerrit.trigger.hudsontrigger.BadgeAction plugin="gerrit-trigger@2.30.0">
          <tEvent class="com.sonymobile.tools.gerrit.gerritevents.dto.events.PatchsetCreated" reference="../../hudson.model.CauseAction/causeBag/entry/com.sonyericsson.hudson.plugins.gerrit.trigger.hudsontrigger.GerritCause/tEvent"/>
        </com.sonyericsson.hudson.plugins.gerrit.trigger.hudsontrigger.BadgeAction>
        <com.sonyericsson.hudson.plugins.gerrit.trigger.hudsontrigger.actions.RetriggerAction plugin="gerrit-trigger@2.30.0">
          <context reference="../../hudson.model.CauseAction/causeBag/entry/com.sonyericsson.hudson.plugins.gerrit.trigger.hudsontrigger.GerritCause/context"/>
        </com.sonyericsson.hudson.plugins.gerrit.trigger.hudsontrigger.actions.RetriggerAction>
        <com.sonyericsson.hudson.plugins.gerrit.trigger.hudsontrigger.actions.RetriggerAllAction plugin="gerrit-trigger@2.30.0">
          <context reference="../../hudson.model.CauseAction/causeBag/entry/com.sonyericsson.hudson.plugins.gerrit.trigger.hudsontrigger.GerritCause/context"/>
        </com.sonyericsson.hudson.plugins.gerrit.trigger.hudsontrigger.actions.RetriggerAllAction>
        <hudson.model.ParametersAction>
          <safeParameters class="sorted-set">
            <string>GERRIT_BRANCH</string>
            <string>GERRIT_CHANGE_ABANDONER</string>
            <string>GERRIT_CHANGE_ABANDONER_EMAIL</string>
            <string>GERRIT_CHANGE_ABANDONER_NAME</string>
            <string>GERRIT_CHANGE_COMMIT_MESSAGE</string>
            <string>GERRIT_CHANGE_ID</string>
            <string>GERRIT_CHANGE_NUMBER</string>
            <string>GERRIT_CHANGE_OWNER</string>
            <string>GERRIT_CHANGE_OWNER_EMAIL</string>
            <string>GERRIT_CHANGE_OWNER_NAME</string>
            <string>GERRIT_CHANGE_PRIVATE_STATE</string>
            <string>GERRIT_CHANGE_RESTORER</string>
            <string>GERRIT_CHANGE_RESTORER_EMAIL</string>
            <string>GERRIT_CHANGE_RESTORER_NAME</string>
            <string>GERRIT_CHANGE_SUBJECT</string>
            <string>GERRIT_CHANGE_URL</string>
            <string>GERRIT_CHANGE_WIP_STATE</string>
            <string>GERRIT_EVENT_ACCOUNT</string>
            <string>GERRIT_EVENT_ACCOUNT_EMAIL</string>
            <string>GERRIT_EVENT_ACCOUNT_NAME</string>
            <string>GERRIT_EVENT_COMMENT_TEXT</string>
            <string>GERRIT_EVENT_HASH</string>
            <string>GERRIT_EVENT_TYPE</string>
            <string>GERRIT_HOST</string>
            <string>GERRIT_NAME</string>
            <string>GERRIT_NEWREV</string>
            <string>GERRIT_OLDREV</string>
            <string>GERRIT_OLD_TOPIC</string>
            <string>GERRIT_PATCHSET_NUMBER</string>
            <string>GERRIT_PATCHSET_REVISION</string>
            <string>GERRIT_PATCHSET_UPLOADER</string>
            <string>GERRIT_PATCHSET_UPLOADER_EMAIL</string>
            <string>GERRIT_PATCHSET_UPLOADER_NAME</string>
            <string>GERRIT_PORT</string>
            <string>GERRIT_PROJECT</string>
            <string>GERRIT_REFNAME</string>
            <string>GERRIT_REFSPEC</string>
            <string>GERRIT_SCHEME</string>
            <string>GERRIT_SUBMITTER</string>
            <string>GERRIT_SUBMITTER_EMAIL</string>
            <string>GERRIT_SUBMITTER_NAME</string>
            <string>GERRIT_TOPIC</string>
            <string>GERRIT_TOPIC_CHANGER</string>
            <string>GERRIT_TOPIC_CHANGER_EMAIL</string>
            <string>GERRIT_TOPIC_CHANGER_NAME</string>
            <string>GERRIT_VERSION</string>
          </safeParameters>
          <parameters>
            <hudson.model.StringParameterValue>
              <name>GERRIT_EVENT_TYPE</name>
              <description></description>
              <value>patchset-created</value>
            </hudson.model.StringParameterValue>
            <hudson.model.StringParameterValue>
              <name>GERRIT_EVENT_HASH</name>
              <description></description>
              <value>-1349277625</value>
            </hudson.model.StringParameterValue>
            <hudson.model.StringParameterValue>
              <name>GERRIT_CHANGE_WIP_STATE</name>
              <description></description>
              <value>false</value>
            </hudson.model.StringParameterValue>
            <hudson.model.StringParameterValue>
              <name>GERRIT_CHANGE_PRIVATE_STATE</name>
              <description></description>
              <value>false</value>
            </hudson.model.StringParameterValue>
            <hudson.model.StringParameterValue>
              <name>GERRIT_BRANCH</name>
              <description></description>
              <value>E_concept</value>
            </hudson.model.StringParameterValue>
            <hudson.model.StringParameterValue>
              <name>GERRIT_TOPIC</name>
              <description></description>
              <value></value>
            </hudson.model.StringParameterValue>
            <hudson.model.StringParameterValue>
              <name>GERRIT_CHANGE_NUMBER</name>
              <description></description>
              <value>2017</value>
            </hudson.model.StringParameterValue>
            <hudson.model.StringParameterValue>
              <name>GERRIT_CHANGE_ID</name>
              <description></description>
              <value>Ie6dbd29f76b7e2ba71b1db8256e1c1920464ad97</value>
            </hudson.model.StringParameterValue>
            <hudson.model.StringParameterValue>
              <name>GERRIT_PATCHSET_NUMBER</name>
              <description></description>
              <value>1</value>
            </hudson.model.StringParameterValue>
            <hudson.model.StringParameterValue>
              <name>GERRIT_PATCHSET_REVISION</name>
              <description></description>
              <value>a11779e7b7cb254482cea7c6f707c1c1aa0c97e6</value>
            </hudson.model.StringParameterValue>
            <hudson.model.StringParameterValue>
              <name>GERRIT_REFSPEC</name>
              <description></description>
              <value>refs/changes/17/2017/1</value>
            </hudson.model.StringParameterValue>
            <hudson.model.StringParameterValue>
              <name>GERRIT_PROJECT</name>
              <description></description>
              <value>MCU/MCU_CODE</value>
            </hudson.model.StringParameterValue>
            <hudson.model.StringParameterValue>
              <name>GERRIT_CHANGE_SUBJECT</name>
              <description></description>
              <value>modify pre-crash and pre-approach process</value>
            </hudson.model.StringParameterValue>
            <com.sonyericsson.hudson.plugins.gerrit.trigger.hudsontrigger.parameters.Base64EncodedStringParameterValue plugin="gerrit-trigger@2.30.0">
              <name>GERRIT_CHANGE_COMMIT_MESSAGE</name>
              <description></description>
              <value>bW9kaWZ5IHByZS1jcmFzaCBhbmQgcHJlLWFwcHJvYWNoIHByb2Nlc3MKCkNoYW5nZS1JZDogSWU2ZGJkMjlmNzZiN2UyYmE3MWIxZGI4MjU2ZTFjMTkyMDQ2NGFkOTcK</value>
            </com.sonyericsson.hudson.plugins.gerrit.trigger.hudsontrigger.parameters.Base64EncodedStringParameterValue>
            <hudson.model.StringParameterValue>
              <name>GERRIT_CHANGE_URL</name>
              <description></description>
              <value>http://172.29.169.30:8091/c/MCU/MCU_CODE/+/2017</value>
            </hudson.model.StringParameterValue>
            <hudson.model.StringParameterValue>
              <name>GERRIT_CHANGE_OWNER</name>
              <description></description>
              <value>\&quot;Kang,Weiwei (YFT,shanghai,CN)\&quot; &lt;weiwei.kang@yanfeng.com&gt;</value>
            </hudson.model.StringParameterValue>
            <hudson.model.StringParameterValue>
              <name>GERRIT_CHANGE_OWNER_NAME</name>
              <description></description>
              <value>Kang,Weiwei (YFT,shanghai,CN)</value>
            </hudson.model.StringParameterValue>
            <hudson.model.StringParameterValue>
              <name>GERRIT_CHANGE_OWNER_EMAIL</name>
              <description></description>
              <value>weiwei.kang@yanfeng.com</value>
            </hudson.model.StringParameterValue>
            <hudson.model.StringParameterValue>
              <name>GERRIT_PATCHSET_UPLOADER</name>
              <description></description>
              <value>\&quot;Kang,Weiwei (YFT,shanghai,CN)\&quot; &lt;weiwei.kang@yanfeng.com&gt;</value>
            </hudson.model.StringParameterValue>
            <hudson.model.StringParameterValue>
              <name>GERRIT_PATCHSET_UPLOADER_NAME</name>
              <description></description>
              <value>Kang,Weiwei (YFT,shanghai,CN)</value>
            </hudson.model.StringParameterValue>
            <hudson.model.StringParameterValue>
              <name>GERRIT_PATCHSET_UPLOADER_EMAIL</name>
              <description></description>
              <value>weiwei.kang@yanfeng.com</value>
            </hudson.model.StringParameterValue>
            <hudson.model.StringParameterValue>
              <name>GERRIT_EVENT_ACCOUNT</name>
              <description></description>
              <value>\&quot;Kang,Weiwei (YFT,shanghai,CN)\&quot; &lt;weiwei.kang@yanfeng.com&gt;</value>
            </hudson.model.StringParameterValue>
            <hudson.model.StringParameterValue>
              <name>GERRIT_EVENT_ACCOUNT_NAME</name>
              <description></description>
              <value>Kang,Weiwei (YFT,shanghai,CN)</value>
            </hudson.model.StringParameterValue>
            <hudson.model.StringParameterValue>
              <name>GERRIT_EVENT_ACCOUNT_EMAIL</name>
              <description></description>
              <value>weiwei.kang@yanfeng.com</value>
            </hudson.model.StringParameterValue>
            <hudson.model.StringParameterValue>
              <name>GERRIT_NAME</name>
              <description></description>
              <value>gerrit_server</value>
            </hudson.model.StringParameterValue>
            <hudson.model.StringParameterValue>
              <name>GERRIT_HOST</name>
              <description></description>
              <value>172.29.169.30</value>
            </hudson.model.StringParameterValue>
            <hudson.model.StringParameterValue>
              <name>GERRIT_PORT</name>
              <description></description>
              <value>29418</value>
            </hudson.model.StringParameterValue>
            <hudson.model.StringParameterValue>
              <name>GERRIT_SCHEME</name>
              <description></description>
              <value>ssh</value>
            </hudson.model.StringParameterValue>
            <hudson.model.StringParameterValue>
              <name>GERRIT_VERSION</name>
              <description></description>
              <value>2.16.5</value>
            </hudson.model.StringParameterValue>
          </parameters>
        </hudson.model.ParametersAction>
      </actions>
      <id>4564</id>
      <task class="hudson.model.FreeStyleProject" reference="../../hudson.model.Queue_-BlockedItem/task"/>
      <inQueueSince>1573651740968</inQueueSince>
      <buildableStartMilliseconds>1573651749222</buildableStartMilliseconds>
      <isPending>false</isPending>
    </hudson.model.Queue_-BuildableItem>
  </items>
</hudson.model.Queue_-State>