<?xml version='1.1' encoding='UTF-8'?>
<hudson.plugins.scm__sync__configuration.ScmSyncConfigurationPlugin version="1">
  <scm class="hudson.plugins.scm_sync_configuration.scms.ScmSyncGitSCM"/>
  <scmRepositoryUrl>scm:git:ssh://utanb012@172.29.169.30:29418/YFIC/yf_jenkins_backup</scmRepositoryUrl>
  <noUserCommitMessage>true</noUserCommitMessage>
  <displayStatus>true</displayStatus>
  <commitMessagePattern>[message] jenkins auto backup</commitMessagePattern>
  <manualSynchronizationIncludes/>
</hudson.plugins.scm__sync__configuration.ScmSyncConfigurationPlugin>