<?xml version='1.1' encoding='UTF-8'?>
<scriptApproval plugin="script-security@1.62">
  <approvedScriptHashes>
    <string>017d0db438428731cd600b6ebda805065433520f</string>
    <string>127f6cb2d8c0e79971fce9749a91dadadfec8de2</string>
    <string>177f41369f7b86dfa2018edb81b61fc2ace43907</string>
    <string>25b50f9c9fdaf9ac47570555cdf735275e2bbc1b</string>
    <string>2807c60b3872ea40d5a0e5994f5a2eca2bf0d19e</string>
    <string>36cf993b9f08d33233b8076d840a2b912e0e4d17</string>
    <string>3fe8b7f70a5e19cf8edb001b7bcb2a150e3f2a20</string>
    <string>500078c20c34b7062280f9a0814222629db13503</string>
    <string>51ddf192db7e20908e44a927953d421a6946f4a3</string>
    <string>58af549f103906da3e67b9d5f8658fa0862ee82e</string>
    <string>594e41a14f7a3426e26e464e3b6ae0404a63e879</string>
    <string>756630cef28052551dd67e625d514d67c0337a56</string>
    <string>78d5a59d77fe56d7b59120b92e88513556b24580</string>
    <string>7fc762625eb96311b821391dd465a37728c3c868</string>
    <string>86a29e5084ee90c89c1fcbb51b28b58cbe451f01</string>
    <string>8e02c276719e84cf9696fddb2b2bdcbf207e4274</string>
    <string>9019eb09204c7132ef605e7442ffb224a82c2e12</string>
    <string>a2c74c97a9511635c83ceddb9adb9fe77ffe425f</string>
    <string>a401dc659223eac47866b7c23e60332443442d52</string>
    <string>bf31efb1d0db16101d9c8c8355631140eb464cc8</string>
    <string>c23594dd00aaa6da3abb797e8ff45ee2361ec6e6</string>
    <string>d327a2499f8e2a9f8d605b33e94c8e46485a26f0</string>
    <string>de550c103afb0c49d3dd014c611eb3c8e1388a2e</string>
    <string>f895968e5e566dcffce8cb46119ad2f7e9c2f52f</string>
  </approvedScriptHashes>
  <approvedSignatures/>
  <aclApprovedSignatures/>
  <approvedClasspathEntries/>
  <pendingScripts>
    <pendingScript>
      <context/>
      <script>#!/usr/bin/env groovy
import groovy.transform.Field

@Field def job_name=&quot;Multi_br_test&quot;

node()
{
    // 获取当前job名称。也可以按需自定义
    job_name=&quot;${env.JOB_NAME}&quot;.replace(&apos;%2F&apos;, &apos;/&apos;).split(&apos;/&apos;)
    job_name=job_name[0]

    // 自定义workspace
    workspace=&quot;/home/utanb012/workspace/${job_name}/${env.BRANCH_NAME}&quot;

    ws(&quot;$workspace&quot;)
    {
        dir(&quot;pipeline&quot;)
        {   
            // clone Jenkinsfile项目
            git url: &apos;ssh://utanb012@172.29.169.30:29418/tan/pipeline&apos;

            // 根据job name、构建分支，自动加载对应的Jenkinsfile
            def check_groovy_file=&quot;${job_name}/${env.BRANCH_NAME}/Jenkinsfile&quot;
            load &quot;${check_groovy_file}&quot;
        }
    }
}
</script>
      <language>groovy</language>
    </pendingScript>
  </pendingScripts>
  <pendingSignatures>
    <pendingSignature>
      <context/>
      <signature>staticMethod java.lang.Thread currentThread</signature>
      <dangerous>false</dangerous>
    </pendingSignature>
  </pendingSignatures>
  <pendingClasspathEntries/>
</scriptApproval>